FR;EN;DE;ES;CT;IT;RU;PL;UK;AZ;RO;NL;TU;GR;HU;FI;EE;CZ;PT;SW;SR;BU;AR;HR;DN;AL;SK;NO;GE;BL;LT;GA;BH;SV;LV;YI;SC;MK;LA;EU;WA;ML;LU;IS;IR
maison;House;Haus;casa;casa;casa;dom;dom;Budynok;Ev;casa;Huis;ev;spiti;Haz;Talo;Maja;dum;casa;Hus;Kuca;kushta;Tun;Kuca;Hus;shtepi;dom;Hus;sakhli;Dom;Namas;Casa;Kuca;Hisha;Maja;hoyz;Taigh;Kuka;domum;Etxea;ty;Dar;Haus;Hus;Teach
ville;city;Stadt;ciudad;ciutat;citta;gorod;miasto;misto;sahar;oras;stad;Kent;poli;varos;kaupunki;linn;mesto;cidade;stad;grad;grad;kaghak;Grad;by;qytet;velkomesto;by;kalaki;horad;miestas;cidade;grad;mesto;pilseta;shtot;bhaile mor;grad;urbs;hiri;ddinas;belt;Stad;borg;cathrach
porte;door;Tur;puerta;porta;porta;dver;drzwi;dveri;qapi;usa;deur;kapi;porta;ajto;ovi;uks;dvere;porta;dorr;vrata;vrata;durry;vrata;dor;dere;dvere;dor;kari;dzviery;durys;porta;vrata;vrata;durvis;tir;doras;vrata;ianua;ate;drws;bieb;Dier;hurdh;doras
route;road;Strasse;carretera;carretera;strada;doroga;droga;doroha;Yol;drum;weg;yol;dromos;ut;tie;tee;silnice;estrada;vag;put;put;chanaparh;cesta;vej;rruge;cestne;vei;gza;daroha;kelias;estrada;cesta;cesta;celsh;veg;rathad;pat;via;errepide;ffordd;fit triq;Strooss;vegur;bothar
homme;man;Mann;hombre;home;uomo;chelovek;mezczyzna;lyudyna;adam;om;Mens;adam;andras;Ferfi;mies;mees;muzh;cara;man;covek;muzh;mard;Covjek;mand;njeri;muzh;Mann;katsi;calaviek;vyras;home;covek;clovek;cilveks;mentsh;dhuine;Covek;vir;gizon;dyn;ragel;Mann;madhur;fear
femme;woman;Frau;mujer;dona;donna;zhenshchina;kobieta;zhinky;qadinlar;femei;Dames;KADIN;gynaikes;nok;naiset;naised;zhena;mulher;kvinna;zhena;zhena;kin;zhena;kvinde;grua;zhena;kvinne;kali;zhancyna;moteris;muller;zhena;zhenska;sieviete;froy;boireannach;zhena;femina;emakume;fenyw;mara;Fra;konu;bean
amour;love;liebe;amor;amor;amore;lyubov;milosc;lyubov;sevgi;dragoste;liefde;Ask;agapi;szeretet;rakkaus;armastus;milovat;amor;karlek;ljubav;obicham;Ser;ljubav;kaerlighed;dashuri;milovat;kjaerlighet;siqvaruli;kachannie;meile;amor;ljubav;ljubezen;milestiba;libe;ghaoil;ubov;amare;maite;cariad;imhabba;gar;ast;gra
voiture;car;Auto;coche;cotxe;macchina;avtomobil;samochod;avtomobil;masin;masina;auto;araba;aftokinito;auto;auto;auto;auto;carro;bil;auto;kola;mekena;automobil;bil;makine;auto;bil;mankana;autamabil;automobilis;coche;auto;avto;auto;mashin;car;avtomobil;currus;autoa;car;karozza;Auto;bill;carr
temps;time;Zeit;tiempo;temps;tempo;vremya;czas;chas;vaxt;timp;tijd;zaman;chronos;ido;aika;aeg;cas;Tempo;tid;vreme;put;zhamanak;vrijeme;tid;kohe;cas;tid;dro;cas;laikas;tempo;vreme;cas;laiks;tsayt;ùine;vreme;tempus;denbora;amser;iz zmien;Zait;tima;am
bien;good;gut;bien;be;bene;khorosho;dobrze;dobre;yaxsi;bun;is goed;iyi;Kalos;jo;hyva;hea;dobry;Boa;Bra;Dobro;dobre;lav;dobro;godt;mire;dobry;god;kargi;dobra;Gerai;bo;dobro;dobro;labi;gut;math;dobro;bonum;ona;da;tajjeb;gutt;godhur;maith
fois;times;Zeit;tiempo;temps;ora;vremya;czas;raziv;dafa;ori;keer;zamanlar;fores;alkalommal;ajat;korda;krat;vezes;ganger;puta;puti;zhamanaknery;puta;gange;kohet;doba;ganger;jer;raz;laikai;veces;puta;krat;reizes;mal;amannan;vreminja;temporibus;aldiz;amseroedd;zminijiet;Zaiten;sinnum;amanna
rue;street;Strasse;calle;carrer;strada;ulitsa;ulica;vulytsya;kuca;strada;straat;sokak;dromos;utca;katu;tanav;ulice;rua;gata;ulica;ulitsa;pvoghots;ulica;gade;rruge;poulicne;gate;kucha;vulica;gatve;rua;ulica;ulica;iela;gas;sraid;ulica;via;kalean;stryd;triq;Strooss;gata;sraid
monde;world;Welt;mundo;mon;mondo;mir;swiat;svit;dunya;lume;wereld;Dunya;kosmos;vilag;maailman ;maailm;svet;mundo;varld;svet;svyat;ashkharhy;svijet;verden;bote;svet;verden;samqaro;sviet;pasaulis;mundo;svetu;svet;pasaule;velt;shaoghal;svetot;orbis;mundu;byd;dinja;welt;heimur;domhan
tête;head;Kopf;cabeza;cap;testa;golova;g?owa;holova;bas;cap;hoofd;kafa;kefali;fej;paa;pea;hlava;cabeca;huvud;glava;glava;glukh;glava;hoved;koke;hlava;hode;tavi;halava;galva;cabeza;glava;glava;galva;kop;ceann;glava;caput;burua;pen;ras;Kapp;hofudh;ceann
pays;country;Land;pais;pais;paese;strana;kraj;krayina;olka;tara;land;ulke;Chora;orszag;maa;riik;zeme;pais;Land;zemlju;durzhava;yerkir;zemlja;Land;vend;krajina;land;kveqana;kraina;shalis;pais;drzhava;drzhava;valsts;land;dùthaich;zemja;patriam;herrialde;wlad;pajjizna;Land;landi;tir
raison;reason;Grund;razon;rao;ragione;prichina;powod;prychyna;sabab;motiv;reden;neden;logos;ok;syy;põhjus;duvod;Razão;anledning;razlog;prichina;patcharr;razlog;grund;arsye;dôvod;arsaken;mizezi;prycyna;priezhastis;razon;razlog;razlog;iemesls;sibh;adhbhar;pricina;ratio;arrazoia;rheswm;raguni;Grond;astaedhan;chuis
coeur;heart;Herz;corazon;cor;cuore;serdtse;serce;sertse;urak;inima;hart;kalp;kardia;sziv;sydan;suda;srdce;coracão;hjarta;srce;surtse;sirt;srce;hjerte;zemer;Srdce;hjerte;guli;serca;shirdis;corazon;srce;srce;sirds;harts;cridhe;srce;cor meum;bihotz;galon;qalb;Haerz;hjarta;croi
dieu;God;Gott;dios;deu;Dio;bog;Bog;Bozhe;Allah;Dumnezeu;God;Tanri;Theos;Isten;Jumala;Jumal;buh;Deus;Gud;Bog;Bog;Astvats;Bog;Gud;zot;boh;Gud;ghmerto;Boh;Dieve;Deus;Bozhe;Bog;Dievs;got;Dia;Bog;Deus;jainko;Duw;Alla;Gott;Gudh;Dia
jour;day;Tag;dia;dia;giorno;den;dzien;den;gun;zi;dag;gun;imera;nap;paiva;paev;den;dia;dag;dan;den;or;dan;dag;dite;den;dag;dghes;dzien;diena;dia;dan;dan;diena;tog;latha;den;dies;egun;diwrnod;jum;Dag;dagur;la
monsieur;sir;Herr;senor;senyor;signore;ser;pan;ser;ser;domn;mijnheer;Bayim;Kyrie;ur;hyva herra;soor;Vazheny pane;Senhor;herr;gospodine;gospodine;syr;gospodine;hr;zoteri;Pane;Herr;batono;ser;pone;senor;gospodine;gospod;kungs;har;sir;gospodine;domine;jauna;syr;Sinjur;Har;herra;a dhuine uasail
personne;person;mensch;persona;persona;persona;chelovek;osoba;osoba;saxs;persoana;persoon;kisi;prosopo;szemely;henkilo;inimene;osoba;pessoa;person;osoba;chovek;mard;osoba;person;person;clovek;person;pirovneba;tvar;asmuo;persoa;osoba;oseba;persona;mentsh;duine;licnost;hominem;pertsona;person;persuna;Persoun;manneskja;duine
part;part;Teil;parte;part;parte;chast;czesc;chastyna;hissasi;parte;deel;Bolum;meros;resz;osa;osa;cast;parte;del;deo;chast;mas;dio;del;pjese;cast;del;natsili;castka;dalis;parte;deo;del;dala;teyl;pairt;del;pars;parte;rhan;parti;Deel;hluti;cuid
chambre;bedroom;Zimmer;habitacion;habitacio;stanza;komnata;pokoj;spalnya;yataq otagi;dormitor;slaapkamer;yatak odasi;ypnodomatio;haloszoba;makuuhuone;magamistuba;lozhnice;quarto;sovrum;spavaca soba;spalnya;nnjasenyak;spavaca soba;sovevaerelse;dhome gjumi;spalne;soverom;sadzinebeli;spalnia;miegamasis;dormitorio;spavaca soba;spalnica;gulamistaba;shloftsimer;seomar cadail;spalna soba;cubiculum;logela;ystafell wely;kamra tas sodda;Schlofkummer;svefnherbergi;seomra leaba
être;be;Sein;ser;ser;essere;byt ;bych;buty;olmaq;fi;zijn;olmak;einai;lenni;olla;olla;byt;ser;vara;biti;bude;linel;biti;vaere;behesh;byt;vaere;q opna;bych;b?ti;ser;biti;biti;b?t;zeyn;bhith;bidesh;esse;izan;fod;tkun;sinn;vera;bheith
avoir;have;haben;tener;tenir;avere;imet ;miech;maty;vari olmaq;avea;hebben;sahip olmak;echo;birtokolni;olla;omama;mit;Ter;ha;imati;imam;unenal;imati;have;kesh;mat;ha;hkondes;miech;tur?ti;ter;imati;imeti;pieder?t;habn;Ri bhith faighinn;ima;habere;eduki;gael;jkollok;hunn;hafa;mbeadh
pouvoir;can;konnen;poder;poder;potere;mozhet;aby moc;mozhna;ede biler;putea;kunnen;yapabilmek;borei;lehet;voi;saab;m?zhe;poder;kan;mogu;moga;karogh e;mogu;kan;mundet;môzhe;kunne;sheudzlia;mozhna;gal?ti;poder;mogu;lahko;var?t;kenen;can;mozhe;potere;ahal;allu;tista ;kann;geta;is feidir
faire;make;machen;hacer;fer;produrre;delat ;robich;zrobyty;hazirlamaq;face;maken;yapmak;kano;csinalni;tehda;tegema;delat;fazer;gora;napraviti;napravish;anel;napraviti;lave;per bere;urobit;lage;gak eteba;rabich;gaminti;facer;napraviti;narediti;taisit;makhn;Gus dhèanamh;napravi;facere;egin;wneud;taghmel;maachen;gera;Dean
mettre;put;stellen;poner;posar;mettere;polozhit ;polozych;poklasty;qoymaq;pune;zetten;koymak;valo;rakni;laittaa;panema;dat;colocar;lagga;staviti;slozha;dnel;staviti;saette;vendosesh;polozhit;legge;dadeba;stavich;pad?ti;poner;staviti;polozhiti;ielikt;leygn;chuir;stavi;ponere;jarri;rhoi;tpoggi;leeen;setja;Cuir
dire;say;sagen;decir;dir;dire;skazat ;powiedziech;skazaty;demek;zice;zeggen;soylemek;po;mondani;sanoa;utlema;rhict;dizer;saga;rec i;kazha;asel;rechi;sige;thuash;povedat;si;tkma;kazach;sakyti;dicir;rechi;rechi;teikt;zagn;radh;kazham;Dicere;esan;ddweud;tghid;soen;segja;ra
devoir;must;mussen;deber;deure;dovere;dolzhen;musiech;obov yazkovo;olmalidir;trebuie;moeten;mecbur;prepei;kell;pakko;peab;muset;dever;maste;mora;tryabva;partadrel;morati;matte;duhet;musiet;matte;unda;treba;Prival?ti;debe;moraji;mosht;uz must;muzn;feumaidh;mora;necesse;behar;rhaid;trid;mussen;verdha;mor
prendre;take;nehmen;tomar;agafar;prendere;prinyat ;brach;braty;goturmek;lua;nemen;almak;pareis;elvenni;ottaa;võtma;vzit;pegar;ta;uzeti;vzema;verts nel;uzeti;tage;per marre;zobrat;ta;agheba;uziach;paimti;coller;uzeti;vzeti;?emt;nemen;ghabhail;zeme;capere;hartu;cymryd;tiehu;huelen;taka;thogail
donner;give;geben;dar;donar;dare;dat ;dawach;davaty;vermek;da;geven;vermek;dineis;adni;antaa;andma;dat;dar;ge;dati;dadesh;tal;dati;give;japesh;dat;gi;mitsema;davach;duoti;dar;dati;dajati;dot;gebn;thoirt;dava;dare;eman;roi;taghti;ginn;gefa;Tabhair
aller;go;gehen;ir;anar;andare;idti;isch;yty;getmek;merge;gaan;gitmek;pao;menni;menna;minema;jit;ir;ga;da ide;otida;gnal;ichi;ga;per shkuar;ist;ga;ts asvla;isci;eiti;Ir;ichi;iti;iet;geyn;bhith dol;odi;ire;joan;fynd;tmur;goen;fara;dul
vouloir;want;wollen;querer;voler;volere;khotet ;chciech;khotity;istemek;vrea;willen;istemek;thelo;akarni;haluta;tahtma;chtit;querer;vilja;zheleti;iskam;ts ankanal;zheljeti;ville have;deshirosh;chciet;ville;gindodes;zhadach;nor?ti;querer;zheljeti;hoteti;grib?t;veln;bhith ag iarraidh;saka;velle;nahi;eisiau;trid;wellen;vilja;ag iarraidh
savoir;know;wissen;saber;saber;sapere;znat ;wiedziech;znaty;bilmek;sa ?tiu;weten;bilmek;xero;tudni;tietaa;teadma;vedet;saber;veta;znati;znam;imanal;znati;vide;dish;vediet;vite;tsodna;viedach;zhinoti;saber;znati;vedeti;zinat;visn;fios bhith agad;znae;scire;jakin;gwybod;tkun taf;wessen;vita;fios bheith agat
voir;see;sehen;ver;veure;vedere;chtoby uvidet ;zobaczych;bachyty;gormek;vedea;zien;Gormek;gia na do;latni;nahda;et naha;videt;ver;se;videti;vidish;tesnel;vidjeti;se;shikosh;vidiet;se;nakhva;bachych;matyti;Ver;vidjeti;videti;redz?t;zen;Faic;se vidi;videre;ikusi;weld;tara;gesinn;sja;Feach
demander;ask;Fragen;preguntar;preguntar;chiedere;sprosit ;zapytach;pytaty;sorusmaq;intreba;vragen;sormak;rotiso;kerdezni;kysya;kusima;zeptat se;perguntar;fraga;pitati;popitam;Harts nel;pitati;sporge;pyesesh;opytat sa;sporre;tkhovna;pytacca;paklausti;preguntar;pitati;vprashati;jautat;fregn;faighneachd;prasha;rogare;galdetu;ofyn;titlob;Froen;spyrja;Fiafraigh
trouver;find;finden;encontrar;trobar;trovare;nayti;znale?ch;znayty;tapmaq;gasi;vinden;bulmak;vro;megtalalni;loytaa;leidma;najit;encontrar;hitta;pronac i;namerya;gtnel;pronachi;finde;per gjetur;najst;finne;p ovna;znajsci;rasti;atopar;nachi;najti;atrast;gefinen;lorg;najde;invenire;aurkitu;ddod o hyd;Issib;fannen;finna;aimsiu
rendre;return;ruckgeben;regresar;tornar;ritornare;vernut sya;wracach;povertatysya;qayitmaq;intoarce;terugbrengen;geri vermek;to na gyrizeis;visszaterni;palata;tagastama;vratit;retornar;atervanda;povratiti;vurna;Veradarrnal;vratiti;vende tilbage;per t u kthyer;vratit sa;returnere;dabruneba;viarnucca;Gr?zhti;Volver;vratiti;vrniti;Atgriezties;tsurikshikn;tilleadh;se vrati;redire;itzuli;ddychwelyd;tirritorna;zreck goen;snua aftur;thabhairt ar ais
venir;come;Kommen;venir;venir;venire;prikhodit ;przyjsch;prykhodyty;gelmek;veni;komen;gelmek;ertho;jonni;tulla;tulema;prhijit;vir;komma;doc i;doi?de;gal;dochi;komme;vish;prist;komme;mosvla;prychodzich;ateiti;vir;dochi;priti;nakt;kumen;ri thighinn;dojde;venire;etorri;ddod;gejjin;kommen;koma;tar
passer;pass;bestehen;pasar;passar;passare;proyti;zdach;proyty;kecmek;trece;slagen;gecmek;peraso;atmenni;ohittaa;mooduma;projit;passar;passera;da pro?e;mina;ants nel;prochi;passere;per kaluar;prejst;sende;gavla;prajsci;praeiti;pasar;prochi;mimo;nokartot;durkh geyn;dhol seachad;pomine;transire;pasatu;pasio;tghaddi;bestoen;fara framhja;pas fhail
comprendre;understand;verstehen;comprender;entendre;capire;ponimat ;rozumiech;zrozumity;basa dusmek;intelege;begrijpen;anlamak;katalaveis;megerteni;ymmartaa;aru saama;rozumet;entender;forsta;razumeti;razbera;haskanal;razumjeti;forsta;kuptosh;rozumiet;forsta;gageba;razumiech;suprasti;entender;razumjeti;razumeti;saprast;farshteyn;thuigsinn;razbere;comprehendere;ulertu;ddeall;tifhem;verstoen;skilja;thuig
rester;stay;bleiben;quedarse;quedar se;stare;ostat sya;zostach;zalyshytysya;qalmaq;sta;te blijven;kalmak;meino;maradni;jaada;jaama;z?stat;ficar;stanna;ostati;ostana;mnal;ostati;blive;per qendruar;zostat;bli;darchena;zastavacca;pasilikti;quedar;ostati;ostati;palikt;bleybn;fuireach;ostane;manere;egon;aros;toqghod;bleiwen;vera;Fan
tenir;hold;halten;sostener;aguantar;tenere;derzhat ;trzymach;trymaty;tutmaq;tine;vasthouden;tutmak;kratiso;tartani;pitaa;hoidma;drzhet;segurar;halla;da drzhe;zadurzha;pahel;drzhati;holde;mbash;drzhat;holde;gamartavs;praviesci;laikyti;suxeitar;drzhati;drzhati;tur?t;haltn;chumail;drzhi;tenere;eutsi;ddal;zomm;haalen;halda;shealbhu
porter;carry;tragen;llevar;portar;portare;nesti;nosich;nesty;dasimaq;cara;dragen;tasimak;metaferoun;cipelni;kantaa;kandma;nest;carregar;bara;da nose;nosya;k arsh tal;nositi;baere;mbash;niest;baere;t areba;niesci;neshti;levar;nositi;nositi;n?sat;tragn;ghiùlain;nosi;ferre;eraman;gario;iggorr;droen;bera;iompar
parler;speak;sprechen;hablar;parlar;parlare;govorit ;mowich;hovoryty;danismaq;vorbi;spreken;konusmak;miliso;beszel;puhua;raakida;mluvit;falar;tala;Govoriti;govorya;khosel;govoriti;tale;per folur;rozpravat;snakke;lap arak i;havarych;kalb?ti;falar;govoriti;govoriti;runat;redn;bhruidhinn;zboruva;dicere;hitz egin;siarad;titkellem;schwatzen;tala;labhairt
montrer;show;zeigen;mostrar;mostrar;mostrare;pokazyvat ;pokazywach;pokazuvaty;gostermek;arata;laten zien;gostermek icin;deixo;megmutatni;nayttaa;naidata;ukazat;mostrar;visa;pokazati;pokazha;ts uyts  tal;pokazati;vise;per treguar;ukazat;vise;chveneba;pakazach;parodyti;ensinar;pokazati;pokazati;paradit;veyzn;shealltainn;pokazhe;ostendere;erakutsi;ddangos;turi;weisen;til syna;Taispeain
lent;slow;schleppend;lento;lent;lento;medlennyy;powolny;povil nyy;yavas;incet;langzaam;yavas;argos;lassu;hidas;aeglane;zpomalit;lento;langsam;spor;baven;dandagh;usporiti;langsom;ngadalshem;pomaly;sakte;neli;pavo?ny;l?tai;lento;sporo;pochasen;l?ns;pamelekh;slaodach;baven;tarda;motela;araf;bil mod;lues;haegt;mall
rapide;fast;schnell;rapido;rapid;veloce;bystryy;szybki;shvydko;suretli;rapid;snel;hizli;grigora;gyors;nopeasti;kiire;rychle;velozes;snabb;brzo;burz;arag;brzo;hurtig;shpejt;rychly;rask;sts rapi;chutka;greitai;rapido;brzo;hitro;atri;fast;luath;brz;celer;azkarra;gyflym;mghaggel;seier;hratt;tapa
beau;beautiful;gut aussehend;hermoso;guapo;bello;prekrasnyy;piekny;harnyy;gozel;frumos;mooi;guzel;panemorfi;szep;kaunis;ilus;Krasna;bela;skon;Lepa;krasiv;geghets ik;lijep;smuk;e bukur;krasny;vakker;lamazi;pryhozha;grazhus;fermoso;prekrasno;lepa;skaists;sheyn;boidheach;ubava;pulchra;ederra;hardd;sabih;schein;falleg;alainn
intelligent;clever;klug;inteligente;intelligent;intelligente;umnaya;sprytny;rozumnyy;agilli;inteligent;knap;zeki;exypnos;okos;taitava;kaval;chytry;esperto;duktig;pametna;umen;khelats i;pametan;dygtig;zgjuar;shikovny;flink;ch k vianuri;razumny;protingas;intelixente;pametna;pameten;gudrs;klug;glic;umen;Subtiliter;bizkorra;clyfar;bravu;schlau;snjall;cliste
ancien;old;alt;antiguo;vell;vecchio;staryy;stary;staryy;kohne;vechi;oud;eski;palaios;regi;vanha;vana;stary;velho;gammal;stari;star;hin;star;gammel;vjeter;stary;gammel;dzveli;stary;senas;vello;stari;star;vecs;alt;seann;star;veteris;zaharra;hen;qodma;aal;gamall;Sean
nouveau;new;Neu;nuevo;nou;nuovo;novyy;Nowy;novi;yeni;nou;nieuw;yeni;neos;uj;Uusi;uus;Novy;Novo;ny;Nova;nov;nor;novi;ny;ri;Novy;ny;akhali;novy;nauja;novo;novo;novo;jauns;nay;ùr;novo;novus;berriaren;newydd;gdid;nei;nytt;nua
triste;sad;traurig;triste;trist;triste;grustnyy;smutny;sumno;kederli;trist;verdrietig;uzgun;lypimenos;szomoru;surullinen;kurb;smutny;triste;ledsen;tuzno;tuzhen;tkhur;tuzhan;trist;trishtuar;smutny;lei seg;sevdiani;sumna;li?dnas;triste;tuzhan;zhalostno;skumji;troyerik;bronach;tazhen;sad;triste;trist;imdejjaq;traureg;dapur;bronach
heureux;happy;glucklich;feliz;felic;contento;schastlivyy;szczesliwy;shchaslyvyy;xosbext;fericit;gelukkig;mutlu;eftychismenos;boldog;onnellinen;õnnelik;shtastny;feliz;Lycklig;srec na;shtastliv;yerjanik;sretan;lykkelig;lumtur;shtasny;lykkelig;bednieri;shchaslivy;laimingas;feliz;sretan;srechna;laimigs;tsufridn;toilichte;srek en;felix;zoriontsu;hapus;kuntent;glecklech;hamingjusamur;sona
adorable;adorable;bezaubernd;adorable;adorable;adorabile;obozhayemyy;godny podziwu;charivni;heyranedici;adorabil;aanbiddelijk;Asiri tatli;latreftos;imadni valo;ihana;jumalik;rozkoshny;adoravel;fortjusande;divan;vuzkhititelen;pashteli;divan;yndig;adhurueshem;rozkoshny;bedarende;ghirseuli;charouny;zhavinga;adorable;divan;chudovit;burvigs;tayer;ion mholaidh;simpatichna;Venerandum;adorable;annwyl;adorable;seiss;yndisleg;gleoite
timide;shy;schuchtern;timido;timid;timido;zastenchivyy;niesmialy;sorom yazlyvyy;utancaq;timid;verlegen;utangac;ntropalos;felenk;ujo;habelik;plachy;timido;blyg;stidljiv;sramezhliv;amach kot;stidljiv;genert;turpshem;plachy;sjenert;mortskhvi;saramlivy;drovus;timido;stidljiv;sramezhljiv;kautrigs;shemevdik;diùid;sramezhliv;fugax;lotsati;swil;timida;schei;feimin;cuthail
sage;wise;weise;sabio;savi;saggio;mudryy;madry;mudryy;mudrik;in?elept;wijs;bilge;sofos;bolcs;viisas;tark;moudry;sensato;klok;mudar;mudur;imastun;mudar;klog;mencur;mudry;klok;brdzeni;mudry;ishmintinga;sabio;mudar;moder;gudrs;klug;glic;mudar;prudens;jakintsu;doeth;ghaqli;weis;vitur;ciallmhar
fort;strong;stark;fuerte;fort;forte;sil nyy;silny;syl nyy;guclu;puternic;sterk;kuvvetli;ischyros;er?s;vahva;tugev;silny;Forte;stark;jak;silen;uzhegh;jak;staerk;forte;silny;sterk;dzlieri;mocny;stiprus;forte;jak;mochna;stipra;shtark;laidir;silna;fortis;indartsu;cryf;qawwi;staark;sterkur;laidir
magnifique;magnificent;grossartig;magnifico;magnific;magnifico;velikolepnyy;wspanialy;rozkishnyy;mohtesem;magnific;prachtig;muhtesem;megaloprepis;Kaprazatos;upea;suursugune;velkolepy;magnifico;magnifik;velichanstven;velikolepen;hoyakap;velichanstven;storslaet;madheshtor;ve?kolepy;storslatt;didebuli;pyshny;didinga;magnifico;velichanstven;velichastno;lielisks;glentsndik;eireachdail;prekrasen;magnifico;bikain;godidog;magnifico;herrlech;storkostlegt;iontach
merveilleux;wonderful;wunderbar;maravilloso;meravellos;meraviglioso;zamechatel nyy;wspaniale;chudovyy;gozel;minunat;prachtig;olaganustu;ekpliktikos;csodalatos;ihana;imeline;Bajechne;Maravilhoso;underbar;predivna;chudesen;hrashali;predivan;vidunderlig;mrekullueshem;bajechny;herlig;mshvenieri;cudouna;nuostabus;marabilloso;divno;chudovito;brinish?igi;vunderlekh;mìorbhuileach;prekrasno;mirum;zoragarria;rhyfeddol;mill isbah;wonnerbar;yndislegt;iontach
brave;brave;mutig;valiente;valent;coraggioso;Khrabryy;odwazny;khorobryy;cesur;curajos;dapper;cesur;gennaios;bator;urhea;vapper;statechny;bravo;modig;hrabar;smel;k aj;hrabar;modig;trim;statochny;modig;mamatsi;advazhny;drasus;valente;hrabar;pogumna;drosmigs;heldish;treun;hrabar;fortem;ausartak;dewr;kuragguz;courageiert;hugrakkur;croga
dynamique;dynamic;dynamisch;dinamica;dinamic;dinamico;dinamicheskiy;dynamiczny;dynamichnyy;dinamik;dinamic;dynamisch;dinamik;dynamikos;dinamikus;dynaaminen;dunaamiline;dynamicky;dinâmico;dynamisk;dinamichan;dinamichen;dinamik;dinamichan;dynamisk;dinamik;dynamicky;dynamisk;dinamiuri;dynamichny;dinamishkas;dinamico;dinamichan;dinamichen;dinamisks;dinamish;fiùghantach;dinamichen;dynamic;dinamikoa;deinamig;dinamiku;dynamesch;kraftmikill;dinimiciuil
elegant;elegant;elegant;elegante;elegant;elegante;elegantnyy;elegancki;elehantnyy;zerif;elegant;elegant;zarif;kompsos;elegans;tyylikas;elegantne;elegantni;elegante;elegant;elegantno;eleganten;elegant;elegantan;stilfuld;elegant;elegantny;stilig;elegant uri;eliehantny;elegantishkas;elegante;elegantan;eleganten;elegants;elegant;eireachdail;eleganten;ornate;dotore;cain;eleganti;elegant;glaesilegur;galanta
enerve;nervous;nervos;nervioso;nervios;tagliente;razdrazhitel nyy;kanciasty;rizkyy;qiriq;taios;scherp;sinirli;nevrikos;ideges;artyisa;terav;podrazhdeny;nervoso;kantig;oshtrouman;nerven;charpot;nervozan;vred;paduruar;podrazhdeny;sint;sheshlili;rezki;piktas;maldito;oshtri;edgy;nervozs;beyz;edgy;epten;itratus;urduri;nerfus;nervuza;nervos;kvidhin;nearog
sombre;dark;dunkel;oscuro;fosc;buio;temno;ciemny;temnyy;qaranliq;intuneric;donker;karanlik;skotadi;sotet;tumma;tume;temny;Sombrio;mork;tamno;tumen;mut ;mrak;mork;erret;tmavy;mork;bneli;ciomna;tamsi;escuro;mrachno;temno;tumshs;tunkl;dorcha;temno;tenebris;iluna;tywyll;skur;daischter;Myrkur;dorcha
mauvais;bad;Schlecht;malo;dolent;male;Plokho;zly;pohanyy;pis;rau;slecht;kotu;kako;rossz;huono;halb;shpatny;ruim;dalig;loshe;losho;vat;loshe;darlig;keq;zly;darlig;tsudi;drenna;blogai;mal;loshe;slab;slikti;shlekht;dona;losho;malus;txarra;drwg;hazin;schlecht;slaemt;dona
possible;possible;moglich;posible;possible;possibile;vozmozhno;mozliwy;mozhlyvo;mumkun;posibil;mogelijk;mumkun;dynaton;lehetseges;mahdollinen;võimalik;mozhny;possivel;mojlig;moguc e;vuzmozhen;hnaravor e;moguche;muligt;mundshem;mozhny;mulig;shesadzlebelia;mahchyma;galima;posible;moguche;mogoche;iesp?jams;meglekh;comasach;mozhno;maxime;posible;bosibl;possibli;meiglech;mogulegt;feidir
moyen;average;Durchschnittlich;promedio;mitjana;media;sredniy;sredni;seredniy;orta;in medie;gemiddelde;ortalama;mesi timi;atlagos;keskiverto;keskmine;pr?merny;media;genomsnitt;prosek;sredno aritmetichno;mijin;prosjechan;gennemsnit;mesatare;priemerny;gjennomsnitt;sashualo;siaredniaja;vidutinis;media;prosechan;povprechna;vid?jais;durkhshnitlekh;cuibheasach;prosek;mediocris;batezbesteko;cyfartaledd;medja;Duerchschnett;medhaltal;mean
fatigant;tiring;ermudend;fatigoso;esgotador;faticoso;utomitel nyy;meczacy;stomlyuyuchyy;yorucu;obositor;vermoeid;yorucu;kourastikos;faraszto;rasittava;vasitav;unavujici;cansativo;trottsam;naporan;dosaden;hognets uts ich ;naporan;traettende;mundimshem;unavne;slitsomt;damghleli;stomnaja;varginantis;esgotador;naporan;utrujajoche;nogurdinoshs;teyring;sgìth;zamorno;Hoc munus;nekagarria;blinedig;gheja;ustrengend;þreytandi;tuirsiuil
rapidement;quickly;schnell;con rapidez;rapidament;velocemente;bystro;szybko;shvydko;tez;repede;snel;hizli bir sekilde;grigora;gyorsan;nopeasti;kiiresti;rychle;rapidamente;snabbt;brzo;burzo;arag;brzo;hurtigt;shpejt;rychlo;raskt;sts rapad;chutka;greitai;axina;brzo;hitro;atri;geshvind;sgiobalta;brzo;cito;azkar;gyflym;malajr;seier;fljott;tapa
malheureusement;Sadly;Traurig;Tristemente;Tristament;Purtroppo;grustno;Niestety;Sumno;Teessuf ki;trist;droevig;Ne yazik ki;Dystychos;Sajnos;Valitettavasti;Kurvalt;Bohuzhel;Infelizmente;Tyvarr;Nazhalost;pechalno;Avalioren;Nazhalost;Desvaerre;Mjerisht;smutne;Dessverre ;samts ukharod;Sumna;Li?dnai;Por desgraza;Nazhalost;zhalostno;Skumji;sadli;duilich;Za zhal;it tristis;Tamalez;anffodus;Sfortunatament;Leider;Þvi midhur;Faraor
lentement;slowly;langsam;despacio;lentament;lentamente;medlenno;powoli;povil no;yavas yavas;incet;langzaam;yavasca;arga;lassan;hitaasti;aeglaselt;pomalu;lentamente;langsamt;polako;bavno;dandagh;polako;langsomt;ngadale;pomaly;sakte;nela;pavo?na;l?tai;lentamente;polako;pochasi;l?nam;pamelekh;slaodach;poleka;lente;astiro;araf;bil mod;lues;haegt;mall
egalement;also;ebenfalls;ademas;tambe;anche;takzhe;rowniez;takozh;hemcinin;de asemenea;ook;Ayrica;episis;szinten;myos;ka;taky;Alem disso;ocksa;tako?e;sushto;nuynpes;tako?er;ogsa;gjithashtu;tiezh;ogsa;agretve;taksama;taip pat;tamen;tako?e;tudi;ari;aoykh;cuideachd;isto taka;etiam;halaber;hefyd;ukoll;och;einnig;freisin
parfois;sometimes;manchmal;a veces;de vegades;a volte;inogda;czasami;inodi;bezen;uneori;soms;ara sira;ores ores;neha;joskus;vahel;nekdy;as vezes;ibland;ponekad;ponyakoga;yerbemn;ponekad;Sommetider;ndonjehere;niekedy;noen ganger;zogjer;chasam;kartais;as veces;ponekad;vchasih;dazhreiz;mal;uaireannan;ponekogash;numquam;batzuetan;weithiau;kultant;heiansdo;stundum;uaireanta
encore;again;nochmal;de nuevo;de nou;ancora;ocherednoy raz;jeszcze raz;znovu;yeniden;din nou;opnieuw;tekrar;pali;ujra;uudelleen;jalle;znovu;novamente;om igen;opet;otnovo;norits ;opet;igen;perseri;znovu;en gang til;isev;znou;v?l;de novo;opet;ponovno;atkal;vider;a rithist;povtorno;rursus;berriro;eto;ghal darb ohra;erem;aftur;aris
tellement;so much;so sehr;tanto;tant;così tanto;tak mnogo;tak wiele;Tak bahato;bu qeder;atat de mult;zo veel;cok fazla;toso poly;olyan sok;niin paljon;nii palju;tak moc;muito;smycket;tako mnogo;tolkova mnogo;aydk an shat;tako puno;smeget;kaq shume;tak ve?a;smye;dzalian;tak shmat;tiek daug;tanto;tako puno;zelo;tik daudz;azoy fil;Nh uimhir;mnogu;tantum;asko;cymaint;daqshekk;sou vill;svo mikidh;alan
certainement;certainly;bestimmt;ciertamente;certament;certamente;konechno;na pewno;zvychayno;elbetde;cu siguran?a;zeker;kesinlikle;sigoura;biztosan;varmasti;kindlasti;rozhodne;Certamente;sakert;sigurno;razbira se;anshusht;sigurno;sikkert;sigurisht;iste;sikkert;ra tkma unda;biezumouna;be abejo;certamente;svakako;zagotovo;protams;avade;cinnteach;sekako;certe;zalantzarik;sicr;zgur;secherlech;vissulega;cinnte
probablement;probably;wahrscheinlich;probablemente;probablement;probabilmente;veroyatno;prawdopodobnie;mabut ;yeqin ki;probabil;waarschijnlijk;muhtemelen;pithanos;valoszinuleg;todennakoisesti;ilmselt;pravdepodobne;provavelmente;formodligen;verovatno;veroyatno;havanabar;vjerojatno;sandsynligvis;ndoshta;pravdepodobne;sannsynligvis;albat;napeuna;tikriausiai;probablemente;vjerovatno;verjetno;droshi vien;mstma;is docha;verojatno;verisimile;seguruenik;mae n debyg;probabbilment;wahrscheinlech;liklega;is docha
precisement;precisely;genau;precisamente;precisament;precisamente;tochno;dokladnie;tochno;deqiqlikle;exact;precies;tam;akrivos;pontosan;tarkasti;tapselt;prhesne;precisamente;exakt;tachno;tochno;chshgrit;precizno;praecist;pikerisht;presne;presist;zust ad;dakladna;tiksliai;precisamente;tachno;natanchno;precizi;grad;mionaideach;tochno;pressius;hain zuzen;union;precizament;genau;einmitt;beacht
beaucoup;a lot;viel;mucho;molt;Un sacco;mnogo;duzo;bahato;cox;mult;veel;cok;poly;nagyon;paljon;palju;mnoho;muito;mycket;mnogo;mnogo;shat;puno;en masse;shume;ve?a;mye;bevri;shmat;daug;unha morea;mnogo;veliko;daudz;asakh;torr;mnogu;multum;asko;llawer;hafna;vill;hellingur;alan
souvent;often;haufig;a menudo;sovint;spesso;dovol no chasto;czesto;chasto;tez tez;de multe ori;vaak;siklikla;sychna;gyakran;usein;sageli;chasto;frequentemente;ofta;chesto;chesto;hachakh;chesto;tit;shpesh;chasto;ofte;khshirad;chasta;dazhnai;a miudo;chesto;pogosto;biezhi;oft;tric;chesto;saepe;askotan;aml;spiss;dacks;oft;minic
presque;almost;fast;casi;gairebe;quasi;pochti;prawie;mayzhe;texminen;aproape;bijna;neredeyse;schedon;majdnem;melkein;peaaegu;temerh;quase;nastan;skoro;pochti;gret e;skoro;naesten;pothuajse;takmer;nesten;titkmis;ama?;beveik;case;skoro;skorajda;gandriz;kmet;chmhor;za malku;fere;ia;bron;kwazi;bal;naestum þvi;beagnach
bientôt;soon;bald;pronto;aviat;presto;skoro;wkrotce;skoro;tezlikle;curând;spoedig;yakinda;syntoma;hamar;pian;varsti;jizh brzy;em breve;snart;uskoro;skoro;shutov;uskoro;snart;shpejt;choskoro;snart;male;chutka;netrukus;pronto;uskoro;kmalu;driz;bald;dh aithghearr;naskoro;mox;laster;fuan;dalwaqt;geschwenn;bradhum;luath
cependant;however;jedoch;sin embargo;malgrat aixo;pero;tem ne meniye;jednak;prote;lakin;in orice caz;echter;ancak;ostoso;azonban;kuitenkin;Kuid;nicmene;Contudo;dock;Me?utim;vupreki tova;sakayn;me?utim;imidlertid;megjithate;vshak;men;tumtsa;adnak;vis d?lto;con todo;kako god;vendar;tom?r;ober;ge ta;sepak;autem;ordea;fodd bynnag;madankollu;awer;þo;ach
desormais;from now on;von jetzt an;de ahora en adelante;d ara endavant;da ora in poi;vpred ;od teraz;vidteper;indiden;de acum inainte;van nu af aan;su andan itibaren;apo tora kai sto exis;mostantol;tasta lahtien;nuudsest peale;od te?;de agora em diante;fran och med nu;Od sada;ot sega natatuk;aysuhetev;odsada pa nadalje;fra nu af;tane tutje;odteraz;fra nav;amieridan;z hetaha momantu;nuo dabar;De agora en diante;Od sada;od zdaj naprej;no shi brizha;fun itst aoyf;bho seo a mach;od sega natamu;posthac die;hemendik aurrera;o hymlaen;minn issa l quddiem;Vun elo un;hedhan i fra;as seo amach
davantage;more;Mehr;mas;mes;Di Più;Bol she;wiecej;bil she;daha cox;Mai Mult;meer;Daha;perissotero;tobb;lisaa;rohkem;vice;Mais;Mer;vishe;Poveche;avelin;vishe;mere;me shume;viac;mer;met i;bo?sh;daugiau;mais;vishe;vech;vairak;mer;tuilleadh;povek e;magis;gehiago;mwy;aktar;mei;meira;nios mo
vraiment;really;Ja wirklich;De Verdad;de veritat;veramente;deystvitel no;naprawde;diysno;heqiqeten;intr adevar;werkelijk;Gercekten mi;Pragmatika;igazan;Todella;tõesti;opravdu;realmente;verkligen;stvarno;naistina li;irok ;stvarno;virkelig;vertet;naozaj;egentlig;namdvilad;sapraudy;tikrai;de verdade;stvarno;res;tiesham;take;dha rìribh;navistina;rem;benetan;a dweud y gwir;tassew;wierklech;i alvoru;ndairire
habituellement;habitually;gewohnheitsmassig;por costumbre;habitualment;abitualmente;privychno;zwykle;zvychno;adet;de obicei;gewoon;habitually;synithos;szokas szerint;tavallisesti;tavaliselt;obvykle;habitualmente;vanligtvis;uobichajeno;obichai?no;sovorabar;uobichajeno;saedvanligvis;zakonisht;zvychajne;habitually;chvevad;zvykla;paprastai;habitualmente;uobichajeno;navadno;parasti;geveyntlekh;h abhaisteach;voobichaeno;habitu;ohiko;fel arfer;abitwalment;Gewunnecht;vanalega;de ghnath
regulièrement;regularly;regelmassig;regularmente;regularment;regolarmente;regulyarno;regularnie;rehulyarno;muntezem olaraq;in mod regulat;regelmatig;duzenli olarak;taktika;rendszeresen;saannollisesti;regulaarselt;pravidelne;regularmente;regelbundet;redovno;redovno;kanonavor;regularno;regelmaessigt;rregullisht;pravidelne;jevnlig;regularulad;rehuliarna;reguliariai;regularmente;redovno;redno;regulari;keseyder;cunbhalach;redovno;regularly;aldizka;rheolaidd;regolarment;regelmeisseg;reglulega;rialta
calmement;calmly;ruhig;tranquilamente;amb calma;con calma;spokoyno;spokojnie;spokiyno;sakitce;calm;rustig;sakince;irema;nyugodtan;rauhallisesti;rahulikult;klidne;calmamente;lugnt;mirno;spokoi?no;hangist;mirno;roligt;qetesisht;pokojne;rolig;mshvidad;spakojna;ramiai;con calma;mirno;mirno;mierigi;ruig;socair;smireno;placide;lasai;bwyllog;bil kalma;roueg;logn;socair
tranquillement;quietly;ruhig;tranquilamente;en silenci;tranquillamente;tikho;cicho, spokojnie;tykho;sakitce;in liniste;zachtjes;sessizce;isycha;csendesen;hiljaa;vaikselt;tishe;silenciosamente;tyst;tiho;tikho;hangist;tiho;lige sstille;qete;pokojne;stille;chumad;cicha;tyliai;en silencio;tiho;tiho;klusi;shtil;samhach;tivko;quietly;lasai;dawel;bil kwiet;roueg;hljodhlega;ciuin
jamais;never;noch nie;Nunca;mai;mai;nikogda;nigdy;nikoly;hec vaxt;nu;nooit;asla;pote;soha;ei milloinkaan;mitte kunagi;nikdy;Nunca;aldrig;nikad;nikoga;yerbek ;nikada;aldrig;kurre;nikdy;aldri;arasodes;nikoli;niekada;nunca;nikad;nikoli;nekad;keynmol;riamh;nikogash;numquam;inoiz ez;byth;qatt;ni;aldrei;riamh
partout;all over;uberall;por todas partes;per tot arreu;ovunque;vsyudu;po calym;u vs omu;her sey bitdi;peste tot;voorbij;bastan;pantou;mindenhol;kaikkialla;uleuldse;vshude;por toda parte;overallt;svuda;vsichko svurshi;amboghjy;na sve strane;over hele;kudo;po vshetkom;over alt;mteli;pausiu?;visame;todo;svuda;vsepovsod;visa;iberal;air feadh;nasekade;super omnibus;guztian;ar hyd a lled;ma kullimkien;iwwerall;um allt;ar fud
